manufacturer_id,manufacturer_name
1,Admunaquax Holdings 
2,Klisapeficator International Company
3,Rehupadar Direct 
4,Ciptinicator Holdings 
5,Emtinicator WorldWide 
6,Upnipommower International 
7,Grocadollan International 
8,Winglibplazz International Corp.
9,Surwerpower WorldWide Group
10,Qwihupor Direct Group
11,Truglibazz Direct 
12,Tupwerpin WorldWide 
13,Upwerefower International 
14,Incadex  
15,Zeejubex WorldWide 
16,Surdimazz Holdings 
17,Thruvenommazz  Group
18,Partinax Direct Company
19,Rapjubover Holdings 
20,Zeemunilover Holdings Group
21,Tiphupex Direct 
22,Monpickex  Group
23,Uptanover Holdings Company
24,Klirobentor  
25,Thrusipupistor Direct 
26,Tupkilplower Direct 
27,Thrucadantor WorldWide 
28,Varkilantor International 
29,Rerobazz  
30,Surzapax  
31,Grorobewistor Holdings 
32,Rapweror  
33,Thrupebonor  
34,Dopkilamantor  Corp.
35,Remunegan Holdings 
36,Winsapicator International 
37,Parpebefex  
38,Monpickedgazz International 
39,Surdimicator  
40,Dopnipicar  
41,Endglibupentor Holdings Group
42,Endsipazz  Corp.
43,Endbanimex International Corp.
44,Hapcadax Holdings Inc
45,Qwiwerpantor Holdings Company
46,Hapkilantor  
47,Tipwerimentor Holdings 
48,Suprobefax WorldWide Company
49,Grotinackover WorldWide 
50,Lomquestadan International 
51,Klikilar Holdings 
52,Supfropicicator Direct Corp.
53,Emnipentor Holdings 
54,Varbanonicator  
55,Untumicator WorldWide Corp.
56,Vartanazz International 
57,Varerax Holdings Corp.
58,Truhupor Direct 
59,Surerommazz International Company
60,Suptumepor Holdings 
61,Thrujubepazz International Company
62,Varjubower  Corp.
63,Dopjubupicator  
64,Inrobentor WorldWide 
65,Uptumicator WorldWide 
66,Grosipover Direct 
67,Zeeerinar Direct 
68,Qwivenover Holdings Corp.
69,Truzapazz Direct 
70,Winglibower  Company
71,Parquestower  
72,Remunedicator  
73,Untumepantor  
74,Cipsipover Direct Inc
75,Upweror WorldWide Corp.
76,Inrobin International 
77,Winquestedgazz  Inc
78,Indudedgan Holdings 
79,Haprobex  Group
80,Dopkilaquazz  Group
81,Tuperar Direct 
82,Inwerpanistor Holdings 
83,Lomglibower Holdings 
84,Grojubax  Inc
85,Windimax WorldWide Corp.
86,Rapjubepower WorldWide 
87,Redudefazz International Corp.
88,Barmunar WorldWide 
89,Thrutinegin Direct 
90,Parwerentor International 
91,Zeenipentor  
92,Parpickommax  Group
93,Supquestar Holdings Corp.
94,Dopsipentor Direct Corp.
95,Tupericator International 
96,Supzapollex  
97,Empickopentor Holdings 
98,Cippebollower WorldWide 
99,Winpickopantor WorldWide 
100,Lomwerpan Holdings 
101,Haphupazz Direct 
102,Frofropentor Holdings 
103,Tupkilor International Inc
104,Qwidimommazz Holdings Corp.
105,Tippebantor Direct Company
106,Tipfropaquin Holdings Company
107,Adbanonover  
108,Rewerpedan WorldWide Group
109,Dopveninentor Holdings 
110,Surwerazz International 
111,Groglibexan International 
112,Zeepickamower WorldWide Company
113,Parfropazz Direct 
114,Rapglibonazz  
115,Qwiweran  
116,Upkilex Holdings 
117,Endpickaquower International 
118,Cipsapentor International 
119,Dopnipaquistor  
120,Surmunamex WorldWide 
121,Varpickex  
122,Inpickefax  
123,Varcadewicator  
124,Dopnipan WorldWide Company
125,Emrobackicator  
126,Endjubor Holdings Corp.
127,Barsipegistor  Company
128,Emtanentor WorldWide 
129,Qwidimower International 
130,Rapdimplower  
131,Barbanedgex Direct 
132,Froroban  
133,Upkilex WorldWide Group
134,Incadan International 
135,Hapfropentor International Group
136,Refropackentor Direct Company
137,Trupebeficator Direct Company
138,Emwerpentor Direct Corp.
139,Unwerpilax Holdings Group
140,Surcadinin International 
141,Remunar International 
142,Zeevenefazz Direct 
143,Lomtumador WorldWide Inc
144,Frofropopicator Direct 
145,Upsapedgantor Direct 
146,Tuppickin  
147,Winpebewan WorldWide Group
148,Tipsapentor Holdings Corp.
149,Hapweristor Holdings 
150,Klisapefower International 
151,Rehupan Holdings Company
152,Lombanex WorldWide 
153,Qwijubackicator WorldWide Company
154,Lomdudicator International 
155,Lomsapimor WorldWide 
156,Haperax Direct 
157,Zeenipantor  Inc
158,Monnipistor  
159,Uprobar  
160,Frojubupax  Corp.
161,Parquestilicator WorldWide Corp.
162,Raperin Holdings Company
163,Tuppebinistor WorldWide 
164,Adpickegentor Holdings 
165,Varwerin International Corp.
166,Monzapupin Direct Company
167,Haptanegax Holdings 
168,Tuptumex  
169,Adpickover International 
170,Rapbanollax Holdings Corp.
171,Recadamentor WorldWide 
172,Emcadentor International 
173,Klifropegex  Company
174,Tipfropefax  
175,Dopsipantor International 
176,Emsapower WorldWide 
177,Barvenantor  
178,Endzapimistor  
179,Klijubar Holdings 
180,Winsipexar WorldWide 
181,Winmunepar  
182,Supkilistor Direct Company
183,Renipin  
184,Winbanower WorldWide Corp.
185,Parpebewax International 
186,Barpickepex International Inc
187,Thruquestegazz  Company
188,Intanimax International Company
189,Klisipor  
190,Klimunegex Holdings Inc
191,Superinentor International 
192,Thruvenor  
193,Rapsipefar Direct Company
194,Tupvenan International 
195,Empebupazz Direct 
196,Windudantor International Inc
197,Tiptinar  Inc
198,Unwerpegicator WorldWide 
199,Ciptumicover Holdings 
200,Parwerupor  Corp.
201,Truerefar International 
202,Monpickar International Corp.
203,Inglibor International 
204,Suppickor  
205,Lomcadar  Corp.
206,Ciperepazz Direct Inc
207,Haptanepin  
208,Lomtumower Holdings Corp.
209,Retumopicator International 
210,Tipsapopex WorldWide 
211,Qwizaponover  
212,Inpebepantor Direct Company
213,Bartinex Direct 
214,Cipbanover WorldWide 
215,Klizapupover WorldWide Company
216,Reeror  
217,Unmunilar Holdings 
218,Surzapar WorldWide 
219,Grocadan WorldWide Company
220,Rapvenor WorldWide Group
221,Varerantor Direct 
222,Lomkilex Holdings Inc
223,Cipvenistor  Group
224,Hapzapantor  
225,Unbanollentor WorldWide Group
226,Rerobupex  Corp.
227,Endtumin  
228,Varrobegower  Company
229,Frojubaman Holdings 
230,Thruwerpicax International Group
231,Unvenefor  Group
232,Uptanistor WorldWide Company
233,Klibanicator  
234,Monpebover WorldWide 
235,Varfropanax Holdings Corp.
236,Kliwerpedax Holdings Group
237,Qwiglibin Holdings 
238,Parkilicentor International 
239,Winkilinan International 
240,Advenex  Inc
241,Dopquestan WorldWide 
242,Lomrobopower WorldWide 
243,Upjubistor  Group
244,Tupwerower  Company
245,Unhupicazz International Inc
246,Surfropover  
247,Cipwerponazz Holdings 
248,Varquestentor Direct 
249,Reglibedgower  
250,Inmunplantor  
251,Rebanackower Direct 
252,Surwerpicator  
253,Dopsipegentor Direct 
254,Dopwerpentor Direct Corp.
255,Upquestin Holdings Inc
256,Varwerpanover  
257,Cipfropax  
258,Vartaninazz Direct Corp.
259,Varpebentor WorldWide 
260,Varpebewicator Direct 
261,Cipdudefower WorldWide 
262,Surrobin  Inc
263,Qwiwerover WorldWide Company
264,Fromunommower Holdings Group
265,Tuppickor  Group
266,Lomdimefentor Direct 
267,Thruweraquicator Holdings 
268,Tipweranor  
269,Frojubimicator WorldWide 
270,Inwerpover  
271,Surjubackar International 
272,Tupdudar Direct 
273,Qwiquestentor  Company
274,Cipsapex  
275,Winrobonover International 
276,Unpebexower  
277,Thrupickadicator WorldWide 
278,Requestor Holdings 
279,Lomsapan  Group
280,Tiphupar WorldWide Group
281,Qwiweror Holdings 
282,Haprobedgazz  
283,Endpebedentor Holdings 
284,Barpebistor WorldWide 
285,Tiperex  Group
286,Insipador Direct 
287,Insipollover Holdings 
288,Adveninentor  Inc
289,Frodimamax WorldWide 
290,Rapzapadistor Direct Group
291,Zeekilax  
292,Endpickimicator  
293,Hapdudower Holdings Company
294,Cipvenupicator  Corp.
295,Refropefex WorldWide Group
296,Monsapan International Corp.
297,Rappebedgower WorldWide 
298,Varjubommistor Direct Group
299,Inquestedgentor  
300,Rapvenefentor  Corp.
301,Grovenimax Direct 
302,Barvenadower Holdings 
303,Winwerpazz Direct 
304,Doptanonantor WorldWide 
305,Monwerexan International Corp.
306,Monrobinistor  
307,Zeefropicator Direct 
308,Supfropefex Holdings Company
309,Thruvenan International 
310,Qwikilentor  
311,Froerin Holdings 
312,Klitumaman  Group
313,Doptaninin Holdings Inc
314,Emmunantor  
315,Uppickin  
316,Parpickor  
317,Survenilex WorldWide 
318,Lomdimin International Company
319,Intinicistor WorldWide 
320,Unrobexower  Corp.
321,Bartaneficator WorldWide 
322,Emzapar Holdings Corp.
323,Supwerpommover International Corp.
324,Klifropedin International 
325,Adtumommin  Inc
326,Winsapplover  
327,Supbanegor Holdings 
328,Sursipackistor WorldWide 
329,Monbanegor  Group
330,Winsipicator  Inc
331,Supbanor  
332,Adcadackor Direct Company
333,Emtumax Direct Inc
334,Surerepin Direct Corp.
335,Unweropax Direct 
336,Tuptumar International 
337,Grovenicator  
338,Surquestamor  Corp.
339,Supdudex International Inc
340,Klidudentor Direct 
341,Lomwerpower  
342,Emtanollistor  
343,Endpebazz Direct Group
344,Klisapackistor  
345,Cipsipentor WorldWide 
346,Frojubicator  
347,Unquestor Direct Inc
348,Cipfropefar  
349,Haptumor Holdings Corp.
350,Tuppickin  Corp.
351,Thruvenimentor WorldWide 
352,Undudupar  Inc
353,Adwerax  
354,Reerommin Holdings 
355,Endmunistor WorldWide 
356,Unmunimax  Group
357,Gromunazz International 
358,Winquestonin Direct Group
359,Tipbanan International 
360,Tupdudower  
361,Parnipimax WorldWide 
362,Tipsapower Direct Inc
363,Parmunexower  
364,Klizapin  
365,Rewerpan WorldWide Company
366,Klidudazz International 
367,Adquestower Direct Company
368,Hapmunentor Holdings 
369,Adwerower International Inc
370,Varkilepover Direct 
371,Retumicower  
372,Frobanan Holdings Group
373,Retinomman International Corp.
374,Recadin  Group
375,Qwirobicator Holdings 
376,Klidudackazz  Group
377,Barpickamentor  
378,Updudentor  
379,Frodudollazz  Corp.
380,Groericator WorldWide Inc
381,Thrurobicar WorldWide 
382,Winvenonar International 
383,Hapsipaquentor Direct 
384,Inrobicator Holdings Group
385,Tupericover Holdings 
386,Raprobaquicator  Company
387,Partanommentor  
388,Vartumackicator  Company
389,Repebilover  
390,Cippickower Holdings 
391,Suprobower Direct Group
392,Rapnipegex International 
393,Unwerpimazz Direct 
394,Embanicower Holdings 
395,Upquestanan  Company
396,Barpickommantor Direct 
397,Happebantor  
398,Adpickar International 
399,Qwidimilicator  
400,Raphupentor Direct 
401,Unsipexar WorldWide 
402,Doperin  
403,Monglibantor WorldWide Group
404,Varsapower WorldWide 
405,Thrutinepin Holdings Company
406,Emdimar Direct 
407,Parsipentor Holdings 
408,Cipfropex International 
409,Cipnipefistor International 
410,Hapwerommin  Group
411,Qwicadistor Direct 
412,Kliericator International 
413,Admunin WorldWide Corp.
414,Sursipackar WorldWide Company
415,Rapvenex Direct Corp.
416,Frorobex Holdings Group
417,Zeesipar  
418,Surpickazz Holdings Corp.
419,Adjubilex Holdings Corp.
420,Inquestaquover WorldWide 
421,Tiperefex  
422,Grotumentor International 
423,Truzapentor Holdings 
424,Upsapexan  Group
425,Uptumex International 
426,Growerex  
427,Parnipaquistor WorldWide 
428,Monquestewazz  
429,Grohupicator Direct 
430,Inpebax Direct 
431,Barsipicar Holdings Inc
432,Rekilantor  Group
433,Winfropanover International 
434,Grosipamor  
435,Varwerpewax Holdings 
436,Parjuban Holdings 
437,Kliwerpor International Company
438,Endmunicator  
439,Vartanover  
440,Tippickopin Direct 
441,Surtinazz  Inc
442,Trujubicator  Company
443,Dopnipedower International 
444,Thrumunollover WorldWide 
445,Dopdimaquor Holdings Company
446,Lomtanover Holdings 
447,Supmunor  Group
448,Suppebazz  
449,Lombanedgan  
450,Pardudaquower  Group
451,Suphupegover WorldWide 
452,Zeetanex International 
453,Barcadicantor  Group
454,Emtinistor WorldWide Inc
455,Cipbanower Direct Company
456,Fropebex WorldWide 
457,Cippebimicator  Corp.
458,Monjubistor International Company
459,Supericator WorldWide Company
460,Zeezapefin  
461,Parbanewicator Holdings 
462,Grovenexar Holdings Corp.
463,Barquestollicator  
464,Emvenanor WorldWide 
465,Frodimex Holdings 
466,Surwerantor International Company
467,Monwerpistor Direct Company
468,Upsipazz Holdings Inc
469,Intanepin International 
470,Unnipicator  Corp.
471,Winmunilan  
472,Surericator Holdings 
473,Barerepin  Company
474,Lomjubedgistor  Inc
475,Unpebewin Direct Corp.
476,Tupfropantor  
477,Rehupegazz  
478,Barcadantor Direct 
479,Rehupommantor Holdings Corp.
480,Supkilonex  
481,Endpickower  Group
482,Winpickentor WorldWide Group
483,Barpickinicator  
484,Dophupan International Company
485,Emmunex  Inc
486,Thrutinamicator  Group
487,Tupcadover WorldWide Corp.
488,Surquestackex  
489,Uptinover  
490,Raptinefazz  
491,Emquestantor WorldWide 
492,Adtumower International 
493,Adzapex Direct Group
494,Thrujubewex  
495,Supsipplower  
496,Tipsapazz  
497,Upmunicin WorldWide 
498,Hapweristor Holdings Corp.
499,Bareredgantor Holdings Group
500,Adnipover Holdings 
501,Zeebanaquar  
502,Tupvenin Direct Inc
503,Cipcadollan International 
504,Rappickover WorldWide Company
505,Tuppickor  
506,Barpickover International 
507,Rapvenegover International Group
508,Doptumistor WorldWide Company
509,Qwitumegentor Direct Inc
510,Qwipickan International Corp.
511,Varvenower Direct 
512,Haptanackower International 
513,Adkililar Holdings Company
514,Gromunommentor Holdings Company
515,Intinicower  
516,Inquestan  
517,Suptanantor  Group
518,Surzapommer Direct 
519,Partumax Direct Group
520,Cipnipollistor  
521,Parvenollazz WorldWide Group
522,Parpickin International 
523,Indudan International 
524,Zeeerommower  Company
525,Zeesipommer Direct 
526,Qwicadplentor Holdings 
527,Cipmunonover Holdings 
528,Haphupistor Holdings 
529,Adwerponantor  Inc
530,Montanex International 
531,Rehupex  
532,Varpickefentor WorldWide 
533,Endbanilentor Direct 
534,Montanaman Holdings 
535,Ciptinefar  Inc
536,Klivenin  
537,Parquestan WorldWide 
538,Dopquestimentor Direct 
539,Hapvenantor International Company
540,Upfropadar WorldWide Company
541,Zeefropex International Company
542,Cippebentor WorldWide 
543,Barbanupantor WorldWide 
544,Hapweran International 
545,Tuppebax International 
546,Zeebanefistor  Inc
547,Trupebin Holdings Group
548,Indimplover  Inc
549,Frofropar WorldWide Inc
550,Tipdudonan WorldWide 
551,Emtanegar International 
552,Endmunewicator  Group
553,Parpickicentor  Inc
554,Emvenazz Holdings 
555,Trurobax Direct Company
556,Cipquestonax Holdings 
557,Monhupinor Direct Inc
558,Winpickower  
559,Grofropistor Direct Company
560,Adwericower Direct Inc
561,Inmunopax Holdings Inc
562,Upwerpentor WorldWide 
563,Kliwerimazz Holdings Group
564,Parfropicator International 
565,Dophupentor Direct Company
566,Truzapar Holdings Corp.
567,Inkilazz  Corp.
568,Thruquestistor Holdings Inc
569,Endcadan  
570,Winwerpadower International Company
571,Undudower WorldWide 
572,Lomdimewax Direct 
573,Barnipimax  Inc
574,Thrukilopor International 
575,Endrobover  Corp.
576,Doptanin Direct Group
577,Klipickan WorldWide Company
578,Rerobower WorldWide Inc
579,Varwerilicator  
580,Adsapedex WorldWide Company
581,Growerpicator Holdings 
582,Mondudower WorldWide 
583,Unpickex Direct 
584,Rapfropistor Direct 
585,Raprobower International 
586,Upglibistor WorldWide Company
587,Uprobax International Group
588,Varwerinazz  
589,Rappebor International Group
590,Unwerpedgower  Inc
591,Endbanar WorldWide 
592,Qwibanonin Direct 
593,Zeetanar International Group
594,Trucadollan  Inc
595,Varbanaquower Direct Corp.
596,Endcadantor Direct 
597,Upcadupower Direct 
598,Qwiglibplicator WorldWide Corp.
599,Supdimommer Direct Corp.
600,Unnipplentor International 
601,Rewerpackin Holdings Corp.
602,Endbanepistor  
603,Montinor International Group
604,Qwivenepax Holdings 
605,Endgliban  
606,Reweror Holdings Company
607,Inbanewor International Corp.
608,Qwizapepan WorldWide Corp.
609,Emfropicator International Corp.
610,Haptanazz International 
611,Unmunador  Corp.
612,Endquestistor Direct 
613,Cipmunax  
614,Winnipazz International Group
615,Klinipar International Company
616,Thrutinanicator Holdings 
617,Groquestackax Holdings Group
618,Grovenover  
619,Adwerpaquover Holdings 
620,Trutumefentor International 
621,Klitanplex Direct Company
622,Grosapantor Direct 
623,Uncadollicator Direct 
624,Hapdimamex WorldWide 
625,Dopzapentor  Company
626,Supquestollazz Holdings Corp.
627,Surquestilistor  Corp.
628,Parpebantor Holdings 
629,Emmunupar  Inc
630,Unzapistor International Company
631,Klifropover International 
632,Intanazz Direct Company
633,Endzapplin International Inc
634,Tupfropazz Holdings Corp.
635,Lomdudex WorldWide 
636,Tiprobex  
637,Cippebistor International 
638,Hapvenicator Direct 
639,Thrutanax  
640,Parvenistor Direct Inc
641,Cipwerpeficator  
642,Bartinanor  
643,Rapvenamower International 
644,Zeemuninower WorldWide 
645,Mondimaquan Direct 
646,Unsipedgex WorldWide Corp.
647,Tippebantor WorldWide 
648,Tiptananover Holdings Company
649,Qwitanex WorldWide 
650,Adtanazz  Group
651,Wintumower  
652,Rehupamantor  Inc
653,Zeedimantor International 
654,Dopvenonazz WorldWide 
655,Zeewerpistor Holdings 
656,Tupdimazz Direct 
657,Cipsapantor Direct 
658,Groerexower WorldWide 
659,Varfropan Holdings 
660,Grorobiman  
661,Hapquestover Direct 
662,Tiphupantor WorldWide Inc
663,Monfropor  
664,Trubanilex  
665,Emtanor International Corp.
666,Emsapower  Corp.
667,Thrunipexentor  
668,Dopsipedgax  
669,Tiperimor International 
670,Barpickonax  Inc
671,Dopglibefazz  Company
672,Lomwerpar WorldWide Inc
673,Emdudistor  
674,Requestonan Direct Corp.
675,Parsapomman  
676,Trusapicator  
677,Adtanollor  Corp.
678,Ciptumedgicator  Inc
679,Parfropplower WorldWide Group
680,Monsipan Holdings Inc
681,Grojubinentor Direct Group
682,Varquestan International 
683,Endpebazz Holdings Group
684,Qwiglibover International 
685,Monkilower Direct 
686,Grotanex International Inc
687,Dopcadegax Holdings 
688,Upnipexax International 
689,Bartumplentor  
690,Hapcadinazz Holdings Inc
691,Winrobupex WorldWide 
692,Supbanefower Holdings Corp.
693,Injuban  
694,Tupfropilower WorldWide 
695,Thrutanower  
696,Surtanegower  
697,Tuppickplax Holdings 
698,Trubanantor WorldWide 
699,Lomdiman WorldWide Corp.
700,Montanar Holdings Company
701,Parquestantor Holdings Group
702,Varerefin WorldWide 
703,Ciptanex  
704,Emtanopex Holdings 
705,Grosapover Holdings 
706,Emdimazz  Group
707,Sursipicator  Group
708,Tuprobollicator WorldWide 
709,Raperewex Holdings 
710,Tipdimex  Inc
711,Haprobicator  
712,Fropebepantor  Inc
713,Tipweran Holdings 
714,Lombanazz  
715,Lomhupax Direct 
716,Unzapicicator Holdings 
717,Grosapinower Direct Group
718,Qwicadedistor Direct Group
719,Adsapantor Direct Corp.
720,Monrobor Direct 
721,Fromunar WorldWide Group
722,Varwerpazz Direct 
723,Monnipar  
724,Partanommower  
725,Cipweraquentor  
726,Barvenackax Direct Company
727,Frowerupar  
728,Thrufropover  Group
729,Parjubax Holdings 
730,Sursipedower  Inc
731,Tupmunedgantor  Inc
732,Retanower International Inc
733,Barwerackazz WorldWide Group
734,Varhupilor Holdings 
735,Grofropedgax WorldWide 
736,Lomjubplower  
737,Lombanazz International 
738,Inweristor WorldWide 
739,Unglibamex  
740,Dopmunazz  
741,Happebegower  
742,Rapdimonazz Direct Inc
743,Frosipazz International Company
744,Tippebex International 
745,Rebanupex Holdings Group
746,Surzapefax WorldWide 
747,Klitumopicator  
748,Trujubupantor Holdings 
749,Sursapplex WorldWide 
750,Superistor  Corp.
751,Uphupentor Holdings 
752,Adcadimin International 
753,Trueregentor Holdings Group
754,Parrobollazz  
755,Klisapor International 
756,Barnipentor  
757,Barnipor Holdings Inc
758,Unrobomman WorldWide 
759,Dopbanollentor Holdings 
760,Monpebinin WorldWide 
761,Grokilower Direct Group
762,Bartumopover Direct Inc
763,Varnipantor Holdings 
764,Parveninor Direct Corp.
765,Upbanollar  
766,Tiptumin  Company
767,Endhupover Direct 
768,Qwidudax  Company
769,Emsipimax Holdings 
770,Surtanover Direct Group
771,Endtinan  
772,Thrucadedor Direct 
773,Vartinax International Corp.
774,Klisipadower  Corp.
775,Tupdimonentor  
776,Barsapover Direct 
777,Uprobantor  
778,Thruglibonazz International Group
779,Doptanex International Company
780,Unwerinan Direct 
781,Adkilicator WorldWide Company
782,Klibanicex International Inc
783,Parnipan Holdings 
784,Bartumanar Direct 
785,Grosapax  Company
786,Resapollower Holdings 
787,Tipvenefar  
788,Tuperepan WorldWide 
789,Adtumegax  
790,Emwericator WorldWide Company
791,Lomtanar International 
792,Supjubopistor Holdings Group
793,Dopzapicex Holdings Group
794,Emwerpicator  Inc
795,Monbanentor International Corp.
796,Frotumar Direct 
797,Haphupin Holdings Corp.
798,Surjubar  Company
799,Rapsipupor International Company
800,Monhupamar  Inc
801,Varsipazz Direct 
802,Truzapicar Direct Corp.
803,Upjubazz Direct Company
804,Klikilollex Holdings 
805,Supsapedicator Holdings 
806,Empickadin  
807,Winjubentor Direct Group
808,Rapkilantor International Group
809,Rejubover Holdings 
810,Haptanepicator  Group
811,Qwieristor  Company
812,Partinedin  
813,Tipnipover Direct 
814,Supfropan Direct 
815,Varcadilax Direct 
816,Thrutanazz  Company
817,Barjubentor  Corp.
818,Tupmunanover Holdings Group
819,Unquestower  
820,Trupebistor  Inc
821,Unquestistor WorldWide 
822,Retanar  
823,Klitinilantor WorldWide Inc
824,Unvenistor WorldWide 
825,Klieregower WorldWide 
826,Upquestistor Holdings 
827,Trusipplex International 
828,Supsapentor  
829,Sursipewentor  
830,Upkilicex Holdings Inc
831,Bartanefin International 
832,Unglibicator  Corp.
833,Inbanower Holdings 
834,Parpebican Direct 
835,Parcadimower  Group
836,Parjuban WorldWide Corp.
837,Fropebollax WorldWide Group
838,Suppickantor Holdings 
839,Partinazz  
840,Zeeglibadar Holdings Corp.
841,Dopwerpin  
842,Grohupefantor International Company
843,Inwerepor  Company
844,Varkilamover WorldWide 
845,Varfropazz Direct Group
846,Klijubower  
847,Monpebistor International 
848,Uppebor  Company
849,Truwerupex International Corp.
850,Tupnipower WorldWide 
851,Bartumentor International 
852,Endjubupover International Company
853,Inrobadan Direct 
854,Uptumistor WorldWide 
855,Klibanedgor Holdings 
856,Endwerpentor International 
857,Enderor WorldWide 
858,Lomfropor  
859,Varzapicator Direct Corp.
860,Tupvenax Direct 
861,Dopcadefentor WorldWide 
862,Tupsipimower International Inc
863,Supsapommantor WorldWide Inc
864,Recadedin Direct 
865,Raphupan  Corp.
866,Lommuniman  Inc
867,Unjubar International Group
868,Intanaquistor Direct Inc
869,Cipmunackex International 
870,Zeewerpicator Direct 
871,Retumanentor  Inc
872,Pardudewistor International 
873,Unsipedover WorldWide 
874,Supfropan Holdings 
875,Suprobepan  Inc
876,Endglibedin International 
877,Rehupower WorldWide Inc
878,Montanilax International Corp.
879,Insipexicator WorldWide Corp.
880,Qwizapaquan  Inc
881,Qwidudentor International 
882,Barvenar  Inc
883,Upkilin  Corp.
884,Adquestin International 
885,Uptumin International Inc
886,Monquestazz  
887,Parhupar  
888,Hapglibadantor  
889,Parquestin International 
890,Klitumplor Direct Inc
891,Haphupentor  Company
892,Hapjubex  Inc
893,Hapzapedan Holdings Corp.
894,Inweradazz International Company
895,Frotinaquar Direct Group
896,Monhupefantor WorldWide 
897,Rezapupar Direct Company
898,Cipnipax  
899,Suptumax Holdings 
900,Emjubex International Corp.
901,Lomnipover  
902,Truhupar Direct 
903,Suptanan  Corp.
904,Bartinistor WorldWide 
905,Inkilex  
906,Surdudimor  
907,Thrusapentor WorldWide 
908,Montanewor  Inc
909,Unquestewan Direct 
910,Uphupentor Direct 
911,Qwierover  
912,Dopsipplentor  Corp.
913,Growerex Holdings 
914,Tupnipopar  
915,Tupquestentor  
916,Zeebanar  
917,Grodimefantor  
918,Dopjubimex International 
919,Emglibistor WorldWide Group
920,Cipwerpower WorldWide Company
921,Truwerentor WorldWide Corp.
922,Advenupex Direct Company
923,Adtumentor Direct 
924,Monjubin  
925,Tipzapover International 
926,Renipicator WorldWide 
927,Unpickewex  
928,Parsapax WorldWide 
929,Zeedimefantor International Company
930,Rapsipin Direct Inc
931,Rapweregicator International 
932,Adniponan  Corp.
933,Vartanicator  Group
934,Surkilimentor  Company
935,Rerobex  
936,Thrukilicex  
937,Inglibentor WorldWide 
938,Qwiwerpistor WorldWide 
939,Tipjubepover  
940,Unpebaquover Holdings 
941,Raptanonan  
942,Zeejubomman  
943,Endsipepazz Direct 
944,Trutumegantor WorldWide 
945,Vartumadax Direct Group
946,Zeetanazz International 
947,Ciptumeficator  Corp.
948,Qwierentor Direct 
949,Uppickentor  
950,Zeetanazz  
951,Dophupewex International 
952,Trujubax  Corp.
953,Monpebefazz WorldWide 
954,Winbanin Holdings Inc
955,Winhupex Holdings Company
956,Cipvenar Holdings Group
957,Cipjubaquistor  
958,Qwikilexin WorldWide 
959,Happickicator Direct 
960,Unmunexover Holdings 
961,Raphupinower  
962,Tupvenonax  
963,Unpickazz WorldWide 
964,Zeewerar Holdings 
965,Montanonor Direct Corp.
966,Thrupebinan Holdings 
967,Trudiminower  
968,Uneran International 
969,Remunopin  
970,Bartanollover WorldWide 
971,Monhupepower Direct Company
972,Supnipegistor Direct 
973,Truvenopantor  
974,Varbanower International 
975,Thrududover Direct Company
976,Qwicadegazz Holdings Group
977,Barquestan  Inc
978,Raptumedower  Inc
979,Adsipistor Direct 
980,Resapan  Company
981,Parsipicator  Company
982,Uppickax Holdings Inc
983,Supcadantor  Group
984,Zeepickimar WorldWide Corp.
985,Zeetinexower International 
986,Barsipicator WorldWide 
987,Barrobax  
988,Parquestor  Corp.
989,Barpebefentor Holdings Group
990,Endhupopor International 
991,Barglibedgover  
992,Tipbanin International 
993,Rapdudackower Holdings Group
994,Tupkilexower Direct 
995,Tipfropilentor Direct Corp.
996,Unroban Holdings Company
997,Qwigliban Direct 
998,Barnipistor  
999,Frowerpexentor Direct 
1000,Upwerpanex Direct Inc
